str;data;rozmiar
pm.meta.stackexchange.com.7z;02-Dec-2018 18:07;996.8K
networkengineering.meta.stackexchange.com.7z;02-Dec-2018 17:58;995.4K
workplace.stackexchange.com.7z;03-Dec-2018 05:35;99.5M
stackoverflow.com-Votes.7z;03-Dec-2018 04:58;963.7M
lifehacks.meta.stackexchange.com.7z;02-Dec-2018 17:05;963.1K
academia.stackexchange.com.7z;02-Dec-2018 15:46;96.1M
sports.meta.stackexchange.com.7z;02-Dec-2018 18:42;910.4K
travel.stackexchange.com.7z;03-Dec-2018 05:22;91.5M
engineering.meta.stackexchange.com.7z;02-Dec-2018 16:28;904.7K
russian.stackexchange.com.7z;02-Dec-2018 18:23;9.8M
stackapps.com.7z;02-Dec-2018 18:42;9.7M
meta.pt.stackoverflow.com.7z;02-Dec-2018 17:49;9.6M
expatriates.stackexchange.com.7z;02-Dec-2018 16:43;9.2M
rpg.meta.stackexchange.com.7z;02-Dec-2018 18:16;9.1M
tex.meta.stackexchange.com.7z;03-Dec-2018 05:13;9.0M
economics.meta.stackexchange.com.7z;02-Dec-2018 16:18;877.4K
android.stackexchange.com.7z;02-Dec-2018 15:47;87.7M
linguistics.meta.stackexchange.com.7z;02-Dec-2018 17:05;868.4K
gardening.meta.stackexchange.com.7z;02-Dec-2018 16:49;865.9K
law.meta.stackexchange.com.7z;02-Dec-2018 17:04;864.8K
diy.stackexchange.com.7z;02-Dec-2018 16:16;86.6M
ux.stackexchange.com.7z;03-Dec-2018 05:29;86.2M
conlang.stackexchange.com.7z;02-Dec-2018 16:10;845.8K
stackexchange_meta.sqlite;03-Dec-2018 08:59;829.0K
hardwarerecs.meta.stackexchange.com.7z;02-Dec-2018 16:55;823.5K
meta.serverfault.com.7z;02-Dec-2018 17:50;8.9M
elementaryos.stackexchange.com.7z;02-Dec-2018 16:24;8.7M
tor.stackexchange.com.7z;03-Dec-2018 05:21;8.6M
ai.stackexchange.com.7z;02-Dec-2018 15:46;8.5M
lifehacks.stackexchange.com.7z;02-Dec-2018 17:05;8.5M
opendata.stackexchange.com.7z;02-Dec-2018 17:58;8.4M
codereview.meta.stackexchange.com.7z;02-Dec-2018 16:05;8.3M
patents.stackexchange.com.7z;02-Dec-2018 17:59;8.3M
startups.stackexchange.com.7z;05-Sep-2018 23:43;8.2M
literature.stackexchange.com.7z;02-Dec-2018 17:05;8.1M
superuser.com.7z;03-Dec-2018 05:13;796.6M
judaism.stackexchange.com.7z;02-Dec-2018 17:04;77.8M
opensource.meta.stackexchange.com.7z;02-Dec-2018 17:58;767.1K
photo.stackexchange.com.7z;02-Dec-2018 18:01;76.4M
stackoverflow.com-Tags.7z;03-Dec-2018 04:41;758.2K
fitness.meta.stackexchange.com.7z;02-Dec-2018 16:43;746.6K
iota.meta.stackexchange.com.7z;02-Dec-2018 17:00;74.8K
stackoverflow.com-PostLinks.7z;03-Dec-2018 01:53;74.1M
ethereum.meta.stackexchange.com.7z;02-Dec-2018 16:41;731.6K
arabic.meta.stackexchange.com.7z;05-Sep-2018 16:49;73.5K
arduino.meta.stackexchange.com.7z;02-Dec-2018 15:49;725.2K
earthscience.meta.stackexchange.com.7z;02-Dec-2018 16:18;724.6K
emacs.meta.stackexchange.com.7z;02-Dec-2018 16:27;722.1K
blender.stackexchange.com.7z;02-Dec-2018 15:59;71.9M
martialarts.meta.stackexchange.com.7z;02-Dec-2018 17:08;709.7K
ham.stackexchange.com.7z;02-Dec-2018 16:55;7.8M
hsm.stackexchange.com.7z;02-Dec-2018 17:00;7.8M
martialarts.stackexchange.com.7z;02-Dec-2018 17:08;7.7M
latin.stackexchange.com.7z;02-Dec-2018 17:04;7.6M
worldbuilding.meta.stackexchange.com.7z;03-Dec-2018 05:35;7.5M
woodworking.stackexchange.com.7z;03-Dec-2018 05:31;7.4M
opensource.stackexchange.com.7z;02-Dec-2018 17:59;7.3M
matheducators.meta.stackexchange.com.7z;02-Dec-2018 17:43;692.3K
cs.stackexchange.com.7z;02-Dec-2018 16:12;68.3M
askubuntu.com.7z;02-Dec-2018 15:56;665.5M
stellar.meta.stackexchange.com.7z;03-Dec-2018 05:02;66.7K
money.stackexchange.com.7z;02-Dec-2018 17:57;65.9M
webmasters.stackexchange.com.7z;03-Dec-2018 05:31;64.6M
chemistry.stackexchange.com.7z;02-Dec-2018 16:00;64.5M
dsp.meta.stackexchange.com.7z;02-Dec-2018 16:17;630.7K
puzzling.stackexchange.com.7z;02-Dec-2018 18:14;63.8M
christianity.stackexchange.com.7z;02-Dec-2018 16:02;62.2M
graphicdesign.stackexchange.com.7z;02-Dec-2018 16:55;62.2M
retrocomputing.meta.stackexchange.com.7z;02-Dec-2018 18:16;600.6K
stats.meta.stackexchange.com.7z;03-Dec-2018 04:58;6.4M
workplace.meta.stackexchange.com.7z;03-Dec-2018 05:33;6.4M
freelancing.stackexchange.com.7z;02-Dec-2018 16:44;6.2M
3dprinting.stackexchange.com.7z;02-Dec-2018 15:45;6.0M
computergraphics.stackexchange.com.7z;02-Dec-2018 16:10;6.0M
hardwarerecs.stackexchange.com.7z;02-Dec-2018 16:56;6.0M
italian.stackexchange.com.7z;02-Dec-2018 17:01;6.0M
serverfault.com.7z;02-Dec-2018 18:36;582.6M
raspberrypi.stackexchange.com.7z;02-Dec-2018 18:16;57.1M
vi.meta.stackexchange.com.7z;03-Dec-2018 05:29;561.3K
philosophy.stackexchange.com.7z;02-Dec-2018 18:00;56.5M
quant.meta.stackexchange.com.7z;02-Dec-2018 18:14;558.6K
chinese.meta.stackexchange.com.7z;02-Dec-2018 16:01;551.8K
scicomp.meta.stackexchange.com.7z;02-Dec-2018 18:25;538.5K
cseducators.meta.stackexchange.com.7z;02-Dec-2018 16:12;534.9K
ai.meta.stackexchange.com.7z;02-Dec-2018 15:46;533.0K
crypto.stackexchange.com.7z;02-Dec-2018 16:12;53.6M
astronomy.meta.stackexchange.com.7z;02-Dec-2018 15:56;527.7K
cooking.stackexchange.com.7z;02-Dec-2018 16:11;52.9M
biology.stackexchange.com.7z;02-Dec-2018 15:58;52.4M
movies.stackexchange.com.7z;02-Dec-2018 17:57;52.0M
chess.meta.stackexchange.com.7z;02-Dec-2018 16:01;516.0K
eosio.meta.stackexchange.com.7z;02-Dec-2018 16:36;51.3K
aviation.stackexchange.com.7z;02-Dec-2018 15:57;50.8M
portuguese.stackexchange.com.7z;02-Dec-2018 18:08;5.9M
christianity.meta.stackexchange.com.7z;02-Dec-2018 16:01;5.8M
bricks.stackexchange.com.7z;02-Dec-2018 16:00;5.6M
monero.stackexchange.com.7z;02-Dec-2018 17:56;5.5M
cseducators.stackexchange.com.7z;02-Dec-2018 16:12;5.4M
sustainability.stackexchange.com.7z;03-Dec-2018 05:13;5.4M
unix.meta.stackexchange.com.7z;03-Dec-2018 05:23;5.4M
electronics.meta.stackexchange.com.7z;02-Dec-2018 16:18;5.3M
devops.stackexchange.com.7z;02-Dec-2018 16:15;5.2M
meta.mathoverflow.net.7z;02-Dec-2018 17:49;5.2M
mythology.stackexchange.com.7z;02-Dec-2018 17:58;5.1M
skeptics.meta.stackexchange.com.7z;02-Dec-2018 18:38;5.1M
windowsphone.stackexchange.com.7z;03-Dec-2018 05:31;5.1M
meta.es.stackoverflow.com.7z;02-Dec-2018 17:49;5.0M
ukrainian.stackexchange.com.7z;03-Dec-2018 05:23;5.0M
mythology.meta.stackexchange.com.7z;02-Dec-2018 17:58;495.9K
history.stackexchange.com.7z;02-Dec-2018 16:59;49.1M
music.stackexchange.com.7z;02-Dec-2018 17:58;49.1M
skeptics.stackexchange.com.7z;02-Dec-2018 18:39;49.0M
latin.meta.stackexchange.com.7z;02-Dec-2018 17:04;487.1K
augur.stackexchange.com.7z;02-Dec-2018 15:56;471.4K
ru.stackoverflow.com.7z;02-Dec-2018 18:22;471.1M
tex.stackexchange.com.7z;03-Dec-2018 05:21;470.3M
webapps.stackexchange.com.7z;03-Dec-2018 05:30;47.0M
robotics.meta.stackexchange.com.7z;02-Dec-2018 18:16;465.4K
portuguese.meta.stackexchange.com.7z;02-Dec-2018 18:08;465.3K
sqa.meta.stackexchange.com.7z;02-Dec-2018 18:42;465.3K
avp.meta.stackexchange.com.7z;02-Dec-2018 15:57;459.3K
datascience.meta.stackexchange.com.7z;02-Dec-2018 16:13;459.2K
meta.ukrainian.stackexchange.com.7z;02-Dec-2018 17:56;458.0K
quantumcomputing.meta.stackexchange.com.7z;02-Dec-2018 18:15;452.3K
languagelearning.meta.stackexchange.com.7z;02-Dec-2018 17:04;450.1K
productivity.meta.stackexchange.com.7z;05-Sep-2018 18:21;448.0K
startups.meta.stackexchange.com.7z;05-Sep-2018 23:43;443.3K
arduino.stackexchange.com.7z;02-Dec-2018 15:50;44.5M
moderators.meta.stackexchange.com.7z;02-Dec-2018 17:56;439.3K
reverseengineering.meta.stackexchange.com.7z;02-Dec-2018 18:16;437.4K
iot.meta.stackexchange.com.7z;02-Dec-2018 17:00;431.0K
augur.meta.stackexchange.com.7z;02-Dec-2018 15:56;43.3K
bricks.meta.stackexchange.com.7z;02-Dec-2018 16:00;429.9K
sustainability.meta.stackexchange.com.7z;03-Dec-2018 05:13;416.2K
russian.meta.stackexchange.com.7z;02-Dec-2018 18:23;415.1K
3dprinting.meta.stackexchange.com.7z;02-Dec-2018 15:45;414.7K
stackoverflow.com-Users.7z;03-Dec-2018 04:46;410.0M
bitcoin.stackexchange.com.7z;02-Dec-2018 15:59;41.5M
hermeneutics.stackexchange.com.7z;02-Dec-2018 16:57;41.5M
dsp.stackexchange.com.7z;02-Dec-2018 16:18;41.2M
ethereum.stackexchange.com.7z;02-Dec-2018 16:42;41.1M
tridion.meta.stackexchange.com.7z;03-Dec-2018 05:22;406.5K
poker.stackexchange.com.7z;02-Dec-2018 18:08;4.7M
puzzling.meta.stackexchange.com.7z;02-Dec-2018 18:14;4.7M
readme.txt;23-Jan-2014 00:46;4.6K
travel.meta.stackexchange.com.7z;03-Dec-2018 05:21;4.5M
judaism.meta.stackexchange.com.7z;02-Dec-2018 17:03;4.4M
bioinformatics.stackexchange.com.7z;02-Dec-2018 15:57;4.3M
musicfans.stackexchange.com.7z;02-Dec-2018 17:58;4.2M
ell.meta.stackexchange.com.7z;02-Dec-2018 16:25;4.1M
movies.meta.stackexchange.com.7z;02-Dec-2018 17:57;4.1M
sound.meta.stackexchange.com.7z;02-Dec-2018 18:41;398.9K
patents.meta.stackexchange.com.7z;02-Dec-2018 17:59;396.5K
unix.stackexchange.com.7z;03-Dec-2018 05:27;390.0M
bicycles.stackexchange.com.7z;02-Dec-2018 15:57;39.0M
opendata.meta.stackexchange.com.7z;02-Dec-2018 17:58;379.1K
musicfans.meta.stackexchange.com.7z;02-Dec-2018 17:58;376.5K
italian.meta.stackexchange.com.7z;02-Dec-2018 17:01;374.2K
stackexchange_archive.torrent;03-Dec-2018 11:53;370.6K
japanese.stackexchange.com.7z;02-Dec-2018 17:02;37.9M
mechanics.stackexchange.com.7z;02-Dec-2018 17:49;37.8M
politics.stackexchange.com.7z;02-Dec-2018 18:08;37.6M
ja.stackoverflow.com.7z;02-Dec-2018 17:02;37.2M
hsm.meta.stackexchange.com.7z;02-Dec-2018 16:59;368.8K
ham.meta.stackexchange.com.7z;02-Dec-2018 16:55;368.2K
rus.meta.stackexchange.com.7z;02-Dec-2018 18:23;358.3K
crafts.meta.stackexchange.com.7z;02-Dec-2018 16:11;352.3K
codereview.stackexchange.com.7z;02-Dec-2018 16:09;351.3M
physics.stackexchange.com.7z;02-Dec-2018 18:07;350.5M
hinduism.stackexchange.com.7z;02-Dec-2018 16:58;35.7M
german.stackexchange.com.7z;02-Dec-2018 16:50;35.2M
expatriates.meta.stackexchange.com.7z;02-Dec-2018 16:42;341.5K
sitecore.meta.stackexchange.com.7z;02-Dec-2018 18:38;339.6K
expressionengine.meta.stackexchange.com.7z;02-Dec-2018 16:43;333.6K
Sites.xml;02-Dec-2018 18:38;333.2K
space.stackexchange.com.7z;02-Dec-2018 18:42;33.4M
writers.stackexchange.com.7z;03-Dec-2018 05:38;33.3M
arabic.stackexchange.com.7z;05-Sep-2018 16:49;326.5K
islam.stackexchange.com.7z;02-Dec-2018 17:01;32.0M
math.meta.stackexchange.com.7z;02-Dec-2018 17:09;32.0M
stats.stackexchange.com.7z;03-Dec-2018 05:02;317.3M
meta.vegetarianism.stackexchange.com.7z;02-Dec-2018 17:56;317.3K
freelancing.meta.stackexchange.com.7z;02-Dec-2018 16:44;313.3K
homebrew.meta.stackexchange.com.7z;02-Dec-2018 16:59;312.7K
softwarerecs.stackexchange.com.7z;02-Dec-2018 18:41;31.3M
computergraphics.meta.stackexchange.com.7z;02-Dec-2018 16:10;308.2K
woodworking.meta.stackexchange.com.7z;03-Dec-2018 05:31;308.2K
pt.stackoverflow.com.7z;02-Dec-2018 18:13;307.6M
windowsphone.meta.stackexchange.com.7z;03-Dec-2018 05:31;303.2K
electronics.stackexchange.com.7z;02-Dec-2018 16:24;302.2M
devops.meta.stackexchange.com.7z;02-Dec-2018 16:15;302.1K
cstheory.stackexchange.com.7z;02-Dec-2018 16:13;30.9M
parenting.stackexchange.com.7z;02-Dec-2018 17:59;30.3M
security.meta.stackexchange.com.7z;02-Dec-2018 18:28;3.9M
stackoverflow.com-Comments.7z;02-Dec-2018 19:27;3.8G
academia.meta.stackexchange.com.7z;02-Dec-2018 15:45;3.7M
iot.stackexchange.com.7z;02-Dec-2018 17:00;3.7M
photo.meta.stackexchange.com.7z;02-Dec-2018 18:00;3.6M
anime.meta.stackexchange.com.7z;02-Dec-2018 15:47;3.5M
apple.meta.stackexchange.com.7z;02-Dec-2018 15:47;3.5M
chemistry.meta.stackexchange.com.7z;02-Dec-2018 16:00;3.5M
gis.meta.stackexchange.com.7z;02-Dec-2018 16:50;3.5M
interpersonal.meta.stackexchange.com.7z;02-Dec-2018 17:00;3.5M
quantumcomputing.stackexchange.com.7z;02-Dec-2018 18:15;3.5M
stackexchange_meta.xml;03-Dec-2018 11:53;3.3K
islam.meta.stackexchange.com.7z;02-Dec-2018 17:00;3.2M
ebooks.stackexchange.com.7z;02-Dec-2018 16:18;3.1M
crafts.stackexchange.com.7z;02-Dec-2018 16:11;3.0M
gamedev.meta.stackexchange.com.7z;02-Dec-2018 16:45;3.0M
networkengineering.stackexchange.com.7z;02-Dec-2018 17:58;29.0M
joomla.meta.stackexchange.com.7z;02-Dec-2018 17:02;289.5K
english.stackexchange.com.7z;02-Dec-2018 16:36;283.9M
poker.meta.stackexchange.com.7z;02-Dec-2018 18:08;282.1K
mathoverflow.net.7z;02-Dec-2018 17:48;281.3M
datascience.stackexchange.com.7z;02-Dec-2018 16:13;28.5M
rus.stackexchange.com.7z;02-Dec-2018 18:23;28.4M
buddhism.stackexchange.com.7z;02-Dec-2018 16:00;28.3M
emacs.stackexchange.com.7z;02-Dec-2018 16:28;28.1M
law.stackexchange.com.7z;02-Dec-2018 17:05;28.0M
tor.meta.stackexchange.com.7z;03-Dec-2018 05:21;266.9K
meta.stackexchange.com.7z;02-Dec-2018 17:52;262.7M
boardgames.stackexchange.com.7z;02-Dec-2018 16:00;26.5M
quant.stackexchange.com.7z;02-Dec-2018 18:15;25.9M
anime.stackexchange.com.7z;02-Dec-2018 15:47;25.7M
softwareengineering.stackexchange.com.7z;02-Dec-2018 18:41;246.8M
ebooks.meta.stackexchange.com.7z;02-Dec-2018 16:18;243.9K
gardening.stackexchange.com.7z;02-Dec-2018 16:50;24.9M
sqa.stackexchange.com.7z;02-Dec-2018 18:42;23.4M
french.stackexchange.com.7z;02-Dec-2018 16:45;23.2M
codegolf.stackexchange.com.7z;02-Dec-2018 16:05;224.8M
gis.stackexchange.com.7z;02-Dec-2018 16:54;220.9M
interpersonal.stackexchange.com.7z;02-Dec-2018 17:00;22.9M
fitness.stackexchange.com.7z;02-Dec-2018 16:44;22.6M
stackoverflow.com-PostHistory.7z;03-Dec-2018 01:53;22.4G
stackoverflow.com-Badges.7z;02-Dec-2018 18:44;211.1M
beer.meta.stackexchange.com.7z;02-Dec-2018 15:57;210.8K
scicomp.stackexchange.com.7z;02-Dec-2018 18:25;21.5M
elementaryos.meta.stackexchange.com.7z;02-Dec-2018 16:24;201.2K
korean.meta.stackexchange.com.7z;02-Dec-2018 17:04;200.4K
sound.stackexchange.com.7z;02-Dec-2018 18:41;20.6M
linguistics.stackexchange.com.7z;02-Dec-2018 17:05;20.3M
outdoors.stackexchange.com.7z;02-Dec-2018 17:59;20.0M
coffee.stackexchange.com.7z;02-Dec-2018 16:10;2.9M
cooking.meta.stackexchange.com.7z;02-Dec-2018 16:10;2.9M
graphicdesign.meta.stackexchange.com.7z;02-Dec-2018 16:54;2.9M
mathematica.meta.stackexchange.com.7z;02-Dec-2018 17:43;2.9M
wordpress.meta.stackexchange.com.7z;03-Dec-2018 05:31;2.8M
beer.stackexchange.com.7z;02-Dec-2018 15:57;2.7M
languagelearning.stackexchange.com.7z;02-Dec-2018 17:04;2.7M
android.meta.stackexchange.com.7z;02-Dec-2018 15:46;2.6M
dba.meta.stackexchange.com.7z;02-Dec-2018 16:13;2.6M
esperanto.stackexchange.com.7z;02-Dec-2018 16:41;2.6M
hermeneutics.meta.stackexchange.com.7z;02-Dec-2018 16:56;2.5M
ux.meta.stackexchange.com.7z;03-Dec-2018 05:28;2.5M
drupal.meta.stackexchange.com.7z;02-Dec-2018 16:16;2.4M
biology.meta.stackexchange.com.7z;02-Dec-2018 15:57;2.3M
cs.meta.stackexchange.com.7z;02-Dec-2018 16:12;2.3M
japanese.meta.stackexchange.com.7z;02-Dec-2018 17:02;2.3M
moderators.stackexchange.com.7z;02-Dec-2018 17:56;2.3M
softwarerecs.meta.stackexchange.com.7z;02-Dec-2018 18:41;2.3M
korean.stackexchange.com.7z;02-Dec-2018 17:04;2.2M
philosophy.meta.stackexchange.com.7z;02-Dec-2018 18:00;2.2M
cstheory.meta.stackexchange.com.7z;02-Dec-2018 16:12;2.1M
history.meta.stackexchange.com.7z;02-Dec-2018 16:58;2.1M
music.meta.stackexchange.com.7z;02-Dec-2018 17:57;2.1M
webapps.meta.stackexchange.com.7z;03-Dec-2018 05:29;2.1M
boardgames.meta.stackexchange.com.7z;02-Dec-2018 15:59;2.0M
hinduism.meta.stackexchange.com.7z;02-Dec-2018 16:57;2.0M
meta.ja.stackoverflow.com.7z;02-Dec-2018 17:49;2.0M
politics.meta.stackexchange.com.7z;02-Dec-2018 18:08;2.0M
scifi.stackexchange.com.7z;02-Dec-2018 18:28;199.3M
bioinformatics.meta.stackexchange.com.7z;02-Dec-2018 15:57;198.7K
es.stackoverflow.com.7z;02-Dec-2018 16:41;198.5M
dba.stackexchange.com.7z;02-Dec-2018 16:15;195.5M
meta.stackoverflow.com.7z;02-Dec-2018 17:55;193.1M
coffee.meta.stackexchange.com.7z;02-Dec-2018 16:10;191.2K
spanish.stackexchange.com.7z;02-Dec-2018 18:42;19.5M
astronomy.stackexchange.com.7z;02-Dec-2018 15:56;19.3M
apple.stackexchange.com.7z;02-Dec-2018 15:49;180.8M
cogsci.stackexchange.com.7z;02-Dec-2018 16:10;18.2M
mathematica.stackexchange.com.7z;02-Dec-2018 17:45;174.1M
monero.meta.stackexchange.com.7z;02-Dec-2018 17:56;172.9K
wordpress.stackexchange.com.7z;03-Dec-2018 05:33;172.1M
craftcms.meta.stackexchange.com.7z;02-Dec-2018 16:11;170.0K
pm.stackexchange.com.7z;02-Dec-2018 18:08;17.8M
engineering.stackexchange.com.7z;02-Dec-2018 16:28;17.2M
economics.stackexchange.com.7z;02-Dec-2018 16:18;17.1M
expressionengine.stackexchange.com.7z;02-Dec-2018 16:43;17.1M
chinese.stackexchange.com.7z;02-Dec-2018 16:01;17.0M
worldbuilding.stackexchange.com.7z;03-Dec-2018 05:37;167.5M
gaming.stackexchange.com.7z;02-Dec-2018 16:49;167.2M
security.stackexchange.com.7z;02-Dec-2018 18:30;163.2M
reverseengineering.stackexchange.com.7z;02-Dec-2018 18:16;16.0M
salesforce.stackexchange.com.7z;02-Dec-2018 18:25;150.0M
meta.askubuntu.com.7z;02-Dec-2018 17:49;15.5M
codegolf.meta.stackexchange.com.7z;02-Dec-2018 16:02;15.4M
craftcms.stackexchange.com.7z;02-Dec-2018 16:11;15.3M
meta.superuser.com.7z;02-Dec-2018 17:56;15.3M
esperanto.meta.stackexchange.com.7z;02-Dec-2018 16:41;144.1K
rpg.stackexchange.com.7z;02-Dec-2018 18:18;141.4M
vi.stackexchange.com.7z;03-Dec-2018 05:29;14.6M
chess.stackexchange.com.7z;02-Dec-2018 16:01;14.5M
english.meta.stackexchange.com.7z;02-Dec-2018 16:29;14.3M
stackexchange_reviews.xml;03-Dec-2018 12:19;14.3K
pets.stackexchange.com.7z;02-Dec-2018 18:00;14.0M
conlang.meta.stackexchange.com.7z;02-Dec-2018 16:10;139.0K
magento.stackexchange.com.7z;02-Dec-2018 17:08;136.9M
civicrm.meta.stackexchange.com.7z;02-Dec-2018 16:02;132.1K
drupal.stackexchange.com.7z;02-Dec-2018 16:17;130.2M
civicrm.stackexchange.com.7z;02-Dec-2018 16:02;13.0M
tridion.stackexchange.com.7z;03-Dec-2018 05:23;13.0M
sharepoint.stackexchange.com.7z;02-Dec-2018 18:38;126.9M
gamedev.stackexchange.com.7z;02-Dec-2018 16:47;124.6M
softwareengineering.meta.stackexchange.com.7z;02-Dec-2018 18:39;12.8M
stackoverflow.com-Posts.7z;03-Dec-2018 04:41;12.8G
gaming.meta.stackexchange.com.7z;02-Dec-2018 16:47;12.3M
matheducators.stackexchange.com.7z;02-Dec-2018 17:43;12.3M
avp.stackexchange.com.7z;02-Dec-2018 15:57;12.2M
sitecore.stackexchange.com.7z;02-Dec-2018 18:38;12.1M
scifi.meta.stackexchange.com.7z;02-Dec-2018 18:25;12.0M
ell.stackexchange.com.7z;02-Dec-2018 16:27;110.0M
homebrew.stackexchange.com.7z;02-Dec-2018 16:59;11.8M
robotics.stackexchange.com.7z;02-Dec-2018 18:16;11.8M
earthscience.stackexchange.com.7z;02-Dec-2018 16:18;11.7M
health.stackexchange.com.7z;02-Dec-2018 16:56;11.7M
sports.stackexchange.com.7z;02-Dec-2018 18:42;11.3M
physics.meta.stackexchange.com.7z;02-Dec-2018 18:01;11.0M
stackexchange_files.xml;03-Dec-2018 12:19;102.9K
meta.ru.stackoverflow.com.7z;02-Dec-2018 17:49;10.9M
genealogy.stackexchange.com.7z;02-Dec-2018 16:50;10.7M
joomla.stackexchange.com.7z;02-Dec-2018 17:03;10.7M
productivity.stackexchange.com.7z;05-Sep-2018 18:21;10.3M
retrocomputing.stackexchange.com.7z;02-Dec-2018 18:16;10.2M
blender.meta.stackexchange.com.7z;02-Dec-2018 15:59;1.9M
eosio.stackexchange.com.7z;02-Dec-2018 16:36;1.9M
writers.meta.stackexchange.com.7z;03-Dec-2018 05:37;1.9M
license.txt;23-Jan-2014 17:05;1.9K
math.stackexchange.com.7z;02-Dec-2018 17:43;1.9G
cogsci.meta.stackexchange.com.7z;02-Dec-2018 16:10;1.8M
german.meta.stackexchange.com.7z;02-Dec-2018 16:50;1.8M
vegetarianism.stackexchange.com.7z;03-Dec-2018 05:29;1.8M
aviation.meta.stackexchange.com.7z;02-Dec-2018 15:56;1.7M
genealogy.meta.stackexchange.com.7z;02-Dec-2018 16:50;1.7M
money.meta.stackexchange.com.7z;02-Dec-2018 17:56;1.7M
parenting.meta.stackexchange.com.7z;02-Dec-2018 17:59;1.7M
salesforce.meta.stackexchange.com.7z;02-Dec-2018 18:23;1.7M
buddhism.meta.stackexchange.com.7z;02-Dec-2018 16:00;1.6M
crypto.meta.stackexchange.com.7z;02-Dec-2018 16:11;1.5M
iota.stackexchange.com.7z;02-Dec-2018 17:00;1.5M
literature.meta.stackexchange.com.7z;02-Dec-2018 17:05;1.5M
raspberrypi.meta.stackexchange.com.7z;02-Dec-2018 18:15;1.5M
webmasters.meta.stackexchange.com.7z;03-Dec-2018 05:30;1.5M
health.meta.stackexchange.com.7z;02-Dec-2018 16:56;1.4M
space.meta.stackexchange.com.7z;02-Dec-2018 18:41;1.4M
bicycles.meta.stackexchange.com.7z;02-Dec-2018 15:57;1.3M
magento.meta.stackexchange.com.7z;02-Dec-2018 17:05;1.3M
outdoors.meta.stackexchange.com.7z;02-Dec-2018 17:59;1.3M
sharepoint.meta.stackexchange.com.7z;02-Dec-2018 18:37;1.3M
spanish.meta.stackexchange.com.7z;02-Dec-2018 18:42;1.3M
stellar.stackexchange.com.7z;03-Dec-2018 05:02;1.3M
diy.meta.stackexchange.com.7z;02-Dec-2018 16:15;1.2M
mechanics.meta.stackexchange.com.7z;02-Dec-2018 17:48;1.1M
pets.meta.stackexchange.com.7z;02-Dec-2018 17:59;1.1M
french.meta.stackexchange.com.7z;02-Dec-2018 16:44;1.0M
bitcoin.meta.stackexchange.com.7z;02-Dec-2018 15:58;1,004.9K
