"TagName","Count"
"weightlifting",891
"running",873
"exercise",723
"weight-loss",721
"workout-routines",536
"muscle",524
"diet",518
"strength",484
"workout",443
"bodybuilding",411
"strength-training",395
"cardio",385
"training",345
"nutrition",320
"gym",252
"calories",225
"squats",225
"injury",220
"body-fat",218
"bodyweight-exercises",216
"protein",201
"stretching",199
"health",195
"weight-gain",194
"recovery",189
"abdominals",184
"injury-prevention",179
"muscle-gain",178
"muscle-mass",174
"exercise-technique",166
"long-distance-running",160
"swimming",158
"supplements",154
"bicycling",150
"pain",147
"push-ups",140
"pull-ups",120
"food",119
"shoulders",119
"flexibility",112
"deadlifts",111
"legs",110
"stronglifts",110
"exercise-equipment",108
"bellyfat",103
"starting-strength",100
"fat",97
"dumbbells",96
"weights",94
"sleep",91
"muscle-soreness",89
"muscle-recovery",86
"bench-press",86
"rest",83
"endurance",82
"home-exercise",81
"chest",80
"knees",79
"programs",79
"yoga",79
"upper-body-workout",79
"jogging",78
"running-training-plan",77
"walking",74
"breathing",73
"biceps",72
"heart-rate",72
"lower-back",70
"calisthenics",69
"back",69
"core",67
"posture",67
"powerlifting",67
"running-shoes",66
"back-pain",66
"form",65
"bodyweight",65
"protein-shakes",64
"health-risk",63
"hiit",63
"metabolism",62
"energy",60
"carbohydrate",58
"hypertrophy",57
"marathon",57
"routine",56
"crossfit",56
"warm-up",55
"burn-fat",52
"daily-caloric-intake",52
"barbell",51
"sports",49
"treadmill",49
"knee-pain",46
"exercise-frequency",45
"creatine",45
"gymnastics",45
"eating-habits",44
"water",43
"speed",43
"reps",41
"heart-rate-monitor",41
"tracking",38
"workout-types",37
"body-measurements",37
"shoes",37
"beginners",37
"joints",36
"post-workout",36
"chin-ups",36
"arms",36
"triceps",36
"ketogenic-diet",34
"conditioning",34
"sprinting",34
"martial-arts",33
"stamina",33
"barefoot",33
"low-carb",33
"age",32
"overtraining",32
"muscle-imbalance",31
"wrist",31
"testosterone",31
"neck",31
"app",31
"stomach",30
"intermittent-fasting",30
"nutrition-information",30
"hamstring",30
"half-marathon",30
"triathlon",30
"high-intensity",29
"doms",29
"vegetarian",29
"hip",29
"rock-climbing",29
"interval-training",29
"lower-body-strength",28
"sets",28
"muscle-endurance",28
"cramps",28
"hydration",28
"tendons",28
"power",28
"growth",28
"personal-training",27
"mobility",27
"target-heart-rate",26
"kettlebell",26
"calculation",24
"toning",24
"hands",24
"soreness",23
"grip-strength",23
"vitamins",23
"cutting",22
"motivation",22
"bmi",22
"resistance",22
"machine",22
"boxing",22
"sweat",22
"rotator-cuff",22
"physical-therapy",22
"pre-workout",22
"performance",21
"plateau",21
"sit-ups",21
"grip",21
"sugar",20
"progress",20
"foot-pain",20
"physiology",20
"rehabilitation",20
"programming",20
"cold",19
"anaerobic",19
"fat-loss",19
"freeweights",19
"parkour",19
"calf",19
"compound-exercises",19
"safety",19
"olympic-weightlifting",19
"measurements",18
"splits",18
"clothing",18
"getting-in-shape",18
"stairs",18
"resistancetraining",18
"athletic-performance",18
"running-form",18
"books",17
"crunches",17
"temperature",17
"dips",17
"overheadpress",17
"lifting",17
"spine",17
"shoulder-cuff",17
"circuit-training",16
"muscle-groups",16
"p90x",16
"anatomy",16
"couchto5k",16
"barbell-rows",16
"glutes",16
"timing",16
"feet",16
"tabata",16
"physique",16
"bulking",16
"curls",15
"racing",15
"children",15
"functional-strength",15
"vo2max",15
"whey",15
"tips",14
"goals",14
"alcohol",14
"illness",14
"trapezius",14
"aerobic",14
"thigh",14
"paleo-diet",14
"heart",14
"forearm",14
"strength-gain",14
"technique",14
"high-protein",13
"energy-drinks",13
"bmr",13
"soccer",13
"5k",13
"muscle-loss",13
"isolation",13
"bones",13
"deltoids",12
"smoking",12
"movements",12
"maintenance",12
"tennis",12
"skiing",12
"mass",12
"hormones",12
"vibram",11
"caffeine",11
"olympic",11
"genetics",11
"skin",11
"press",11
"dancing",11
"elbows",11
"bcaa",11
"football",11
"pilates",11
"fingers",11
"obesity",11
"planks",11
"cool-down",10
"fruit",10
"stability",10
"dehydration",10
"exercise-ball",10
"snatch",10
"electrolytes",10
"breakfast",10
"muscle-ups",10
"long-distance",10
"definition",10
"quads",10
"blood-flow",10
"biomechanics",10
"met",10
"medicine",9
"fiber",9
"vertical-jump",9
"hernia",9
"balance",9
"travel",9
"intensity",9
"plates",9
"elliptical",9
"weighttraining",9
"calves",9
"eggs",8
"rings",8
"cables",8
"fitbit",8
"explosiveness",8
"recommended-daily-intake",8
"foot",8
"rowing-machine",8
"meal-plan",8
"websites",7
"l-glutamine",7
"diet-tools",7
"food-preparation",7
"brain",7
"burn",7
"juice",7
"sex",7
"treatment",7
"cholesterol",7
"milk",7
"compression",7
"coaching",7
"isometric",7
"body-weight-lift",6
"meat",6
"hunger",6
"foot-care",6
"zumba",6
"numbness",6
"video-games",6
"plyometrics",6
"callus",6
"recovery-heart-rate",6
"gloves",6
"crawl",6
"resistance-cord",6
"sea-swimming",6
"relaxation",6
"ectomorph",6
"power-cleans",6
"lactate-threshold",6
"socks",5
"pregnancy",5
"vegetables",5
"atkins",5
"skeleton",5
"effort",5
"shins",5
"ironman70.3",5
"novice",5
"stress",5
"stiffness",5
"bouldering",5
"you-are-your-own-gym",5
"terminology",5
"foam-rolling",5
"height",5
"psoas",4
"chafing",4
"snacks",4
"calcium",4
"tight",4
"ironman",4
"sodium",4
"rest-pause",4
"assessment",4
"heat-tolerance",4
"jump-rope",4
"tiredness",4
"muscle-growth",4
"gel",3
"circulation",3
"therapy",3
"stitch",3
"mental",3
"male",3
"fractures",3
"ultimate-frisbee",3
"checo",3
"hygiene",3
"assesment",3
"periodization",3
"overhead-squat",3
"polar-wearlink",3
"ballet",3
"resting-metabolic-rate",3
"shape",3
"micoach",2
"proprioception",2
"slendertone",2
"capoeira",2
"workplace",2
"volleyball",2
"fencing",2
"mesomorph",2
"disability",2
"overheating",2
"nausea",2
"apt",2
"soy",1
"untagged",1
"backstroke",1
"compensation",1
"ice-skating",1
"adductor",1
"hgh",1
