"WordsF","n"
"best",3513
"better",4458
"body",16294
"calories",6204
"cardio",3404
"day",9860
"days",4520
"diet",5259
"eat",5364
"eating",3258
"energy",3239
"exercise",10157
"exercises",7999
"fat",9960
"feel",4222
"good",9164
"gym",4166
"help",5286
"high",4254
"increase",4047
"keep",4558
"lifting",3401
"long",4970
"lose",3232
"lower",3327
"minutes",3208
"muscle",12710
"muscles",7973
"pain",3269
"people",5067
"program",3590
"protein",6432
"push",3408
"reps",4252
"rest",4027
"running",7730
"sets",3968
"squat",3264
"squats",3423
"start",4762
"strength",8889
"time",10776
"training",12155
"week",6892
"weight",17008
"weights",3593
"well",4445
"work",8821
"working",3251
"workout",7793
